,Latitude_2019,Longitude_2019,elev_2019,Latitude_2011,Longitude_2011,elev_2011,Latitude_2012, Longitude_2012, elev_2012,Latitude_2013,Longitude_2013,elev_2013,Latitude_2014,Longitude_2014,elev_2014,Latitude_2015,Longitude_2015,elev_2015,Latitude_2016,Longitude_2016,elev_2016,Latitude_2018,Longitude_2018,elev_2018
3,69.262079,310.353741,498.9152,69.261955,310.387049,583.9003,69.261843,310.397113,501.9363,69.261944,310.386119,560.4596,69.261849,310.38678,565.4643,69.261808,310.386787,554.3839,69.261817,310.387876,557.077,,,
7,69.261725,310.35385,500.6826,69.261645,310.38725,581.1894,69.26157,310.39694,502.7016,69.261722,310.386267,561.0044,69.261581,310.386954,560.4006,69.261508,310.386978,549.5733,69.26152,310.388043,555.9726,,,
11,69.261371,310.353959,501.1722,69.261335,310.387451,579.5577,69.261298,310.396768,508.4834,69.2615,310.386416,558.4893,69.261313,310.387126,555.6644,69.261209,310.387168,551.4532,69.261223,310.388213,554.4818,,,
15,69.261017,310.354068,501.2428,69.261025,310.387651,576.1708,69.261026,310.396595,510.8007,69.261278,310.386567,556.5113,69.261045,310.387301,561.3656,69.260909,310.387359,554.3634,69.260926,310.388382,558.0676,,,
19,69.260663,310.354177,500.3445,69.260715,310.387852,577.5141,69.260754,310.396423,508.3257,69.261057,310.386719,557.6104,69.260778,310.387476,565.0849,69.260609,310.387549,546.2663,69.260629,310.388551,556.6909,,,
23,69.260309,310.354285,499.5473,69.260405,310.388053,579.6254,69.260481,310.39625,507.5423,69.260836,310.386872,562.8441,69.26051,310.387648,553.5298,69.26031,310.38774,547.4477,69.260332,310.388722,553.0037,,,
27,69.259956,310.354394,498.4757,69.260095,310.388253,574.3112,69.260209,310.396077,513.7071,69.260615,310.387026,559.9042,69.260242,310.387821,554.0878,69.26001,310.38793,554.4144,69.260035,310.388892,549.83,,,
31,69.259602,310.354502,497.243,69.259786,310.388454,571.6214,69.259937,310.395904,520.8829,69.260394,310.387183,558.8343,69.259974,310.387995,559.1421,69.259711,310.38812,546.3007,69.259738,310.389063,551.7633,,,
35,69.259249,310.35461,496.6962,69.259476,310.388655,573.6671,69.259664,310.395732,519.2175,69.260173,310.387339,557.1225,69.259706,310.388168,554.9198,69.259412,310.38831,543.8915,69.259441,310.389235,553.4907,,,
39,69.258895,310.354719,496.6524,69.259167,310.388856,572.4247,69.259392,310.395558,518.5744,69.259953,310.387497,557.1857,69.259439,310.388341,550.545,69.259112,310.388499,551.8306,69.259144,310.389407,548.3272,,,
43,69.258542,310.354827,498.4582,69.258858,310.389056,573.9329,69.259119,310.395384,525.0522,69.259732,310.387654,562.1516,69.259172,310.388514,553.1428,69.258813,310.38869,550.9122,69.258847,310.389579,548.9068,,,
47,69.258189,310.354936,498.694,69.258548,310.389257,575.4692,69.258847,310.39521,530.8389,69.259512,310.387813,558.05,69.258904,310.388687,555.8263,69.258514,310.388878,549.8537,69.258551,310.389752,554.9169,,,
51,69.257836,310.355045,498.2772,69.258239,310.389457,574.9949,69.258574,310.395036,534.9008,69.259293,310.387973,553.7768,69.258636,310.388859,554.8019,69.258215,310.389068,546.8548,69.258254,310.389925,556.8839,,,
55,69.257483,310.355154,496.5568,69.257931,310.389657,575.8809,69.258302,310.394861,534.4209,69.259073,310.388133,560.987,69.258369,310.389031,559.9232,69.257916,310.389257,545.842,69.257957,310.390099,554.5579,,,
59,69.25713,310.355263,494.5717,69.257622,310.389857,577.848,69.258029,310.394687,530.597,69.258853,310.388294,565.3384,69.258102,310.389205,556.9399,69.257617,310.389446,557.0086,69.257661,310.390273,555.8749,,,
63,69.256778,310.355373,494.4388,69.257313,310.390057,576.6878,69.257756,310.394512,531.0611,69.258634,310.388456,560.5402,69.257834,310.389376,552.4439,69.257319,310.389634,560.4248,69.257364,310.390447,561.2015,,,
67,69.256425,310.355483,494.568,69.257005,310.390257,578.9563,69.257484,310.394338,539.1419,69.258415,310.388619,563.1351,69.257567,310.389549,561.8148,69.25702,310.389823,550.0893,69.257068,310.390622,559.3738,,,
71,69.256072,310.355593,493.793,69.256697,310.390457,581.1076,69.257211,310.394163,543.9324,69.258196,310.388782,560.6743,69.257299,310.38972,560.8614,69.256722,310.390012,549.6351,69.256772,310.390797,559.2272,,,
75,69.25572,310.355704,493.3416,69.256389,310.390657,571.7388,69.256939,310.393987,546.9697,69.257977,310.388946,558.4292,69.257032,310.389892,561.6286,69.256424,310.3902,559.0136,69.256475,310.390972,555.1167,,,
79,69.255368,310.355815,492.6947,69.256081,310.390857,572.9392,69.256666,310.393813,548.0111,69.257758,310.38911,564.7027,69.256764,310.390063,567.409,69.256125,310.390388,562.2762,69.256178,310.391146,549.2305,,,
83,69.255015,310.355927,490.3871,69.255773,310.391057,579.9854,69.256393,310.393638,543.8857,69.257539,310.389274,571.0353,69.256497,310.390233,561.1595,69.255827,310.390576,558.4517,69.255882,310.391321,555.4292,,,
87,69.254663,310.356039,488.527,69.255466,310.391256,574.1725,69.256121,310.393463,546.5156,69.257321,310.389439,572.781,69.25623,310.390405,555.8787,69.255529,310.390764,552.9802,69.255586,310.391497,561.5509,,,
91,69.254311,310.356153,486.5604,69.255158,310.391456,567.5596,69.255848,310.393288,557.0213,69.257102,310.389602,568.4266,69.255962,310.390575,561.7357,69.255231,310.390951,558.4549,69.255289,310.391672,556.8304,,,
95,69.253959,310.356267,482.4108,69.254851,310.391655,571.0444,69.255576,310.393112,556.4132,69.256883,310.389765,569.0778,69.255695,310.390745,563.9056,69.254933,310.39114,558.4459,69.254993,310.391846,549.8884,,,
99,69.253608,310.356381,479.2919,69.254544,310.391854,571.0913,69.255303,310.392936,557.8382,69.256664,310.389925,569.6124,69.255428,310.390916,557.6385,69.254635,310.391327,550.1913,69.254696,310.392022,551.6007,,,
103,69.253256,310.356496,476.9531,69.254237,310.392053,560.7775,69.25503,310.39276,565.8952,69.256446,310.390087,560.693,69.25516,310.391085,557.4072,69.254338,310.391514,550.851,69.2544,310.392199,551.2533,,,
107,69.252905,310.356612,473.9326,69.25393,310.392252,559.0455,69.254757,310.392584,563.9706,69.256227,310.390246,564.4594,69.254893,310.391255,559.1834,69.25404,310.391701,551.3117,69.254103,310.392374,548.786,,,
111,69.252553,310.356729,469.169,69.253623,310.392451,563.8287,69.254484,310.392408,560.9208,69.256008,310.390406,574.8855,69.254626,310.391425,556.9176,69.253743,310.391888,550.6323,69.253807,310.392549,546.0147,,,
115,69.252202,310.356847,461.8451,69.253317,310.392649,561.9387,69.254212,310.392232,565.2816,69.25579,310.390566,574.8251,69.254359,310.391594,559.2401,69.253446,310.392074,549.7109,69.25351,310.392724,540.4008,,,
119,69.251851,310.356965,453.8084,69.253011,310.392847,556.626,69.253939,310.392056,568.0149,69.255572,310.390726,572.4313,69.254091,310.391764,555.7311,69.253149,310.39226,547.4291,69.253214,310.3929,536.2347,,,
123,69.2515,310.357084,444.8322,69.252705,310.393046,553.0428,69.253666,310.391879,567.8768,69.255353,310.390886,568.3628,69.253824,310.391933,553.8667,69.252851,310.392447,544.0385,69.252918,310.393076,537.0299,,,
127,69.25115,310.357203,437.2598,69.252399,310.393244,554.8745,69.253393,310.391703,570.5367,69.255135,310.391044,560.2483,69.253557,310.392101,556.126,69.252554,310.392632,545.6058,69.252621,310.393253,540.2617,,,
131,69.250799,310.357324,428.87,69.252093,310.393441,555.1391,69.25312,310.391527,572.6092,69.254917,310.391203,557.9311,69.25329,310.39227,550.9861,69.252257,310.392817,548.2732,69.252325,310.393429,536.2979,,,
135,69.250449,310.357445,423.7974,69.251787,310.393639,548.0783,69.252847,310.391351,568.2507,69.254699,310.391361,564.6154,69.253022,310.392439,548.37,69.251961,310.393003,546.5047,69.252028,310.393606,533.1249,,,
139,69.250099,310.357567,418.2213,69.251482,310.393836,545.7883,69.252574,310.391175,567.9504,69.254481,310.391518,561.2102,69.252755,310.392609,547.2388,69.251664,310.393188,540.0881,69.251732,310.393783,537.9771,,,
143,69.249749,310.357691,416.1536,69.251176,310.394033,548.5143,69.252301,310.390999,575.3457,69.254263,310.391676,552.075,69.252488,310.392777,546.2692,69.251368,310.393372,534.8779,69.251435,310.39396,537.2578,,,
147,69.249399,310.357815,414.5794,69.250871,310.394229,544.5856,69.252027,310.390822,576.8474,69.254046,310.391833,552.58,69.252221,310.392946,548.4153,69.251071,310.393557,531.5353,69.251139,310.394137,527.9761,,,
151,69.249049,310.357939,408.9565,69.250566,310.394425,538.5759,69.251754,310.390646,577.3586,69.253828,310.391989,556.3451,69.251953,310.393114,544.8723,69.250775,310.393742,529.7824,69.250843,310.394315,523.6107,,,
155,69.2487,310.358065,403.1206,69.250261,310.394621,537.7774,69.251481,310.390468,577.7442,69.253611,310.392145,553.3984,69.251686,310.393282,538.1334,69.250478,310.393926,529.3774,69.250547,310.394493,523.7089,,,
159,69.24835,310.358192,395.5893,69.249956,310.394817,535.1788,69.251208,310.390292,573.2462,69.253393,310.392301,547.2901,69.251418,310.39345,539.7635,69.250182,310.39411,525.032,69.250251,310.39467,520.1127,,,
163,69.248001,310.35832,386.6035,69.249652,310.395012,530.2726,69.250934,310.390115,576.9894,69.253175,310.392456,544.8265,69.251151,310.393619,542.1438,69.249886,310.394294,522.8858,69.249954,310.394848,520.6443,,,
167,69.247652,310.358448,379.0582,69.249347,310.395207,531.3658,69.25066,310.389939,574.9782,69.252957,310.392611,549.4047,69.250884,310.393788,533.849,69.249591,310.394478,520.3775,69.249657,310.395025,521.5375,,,
171,69.247303,310.358577,371.1254,69.249043,310.395402,526.2401,69.250387,310.389763,569.1018,69.25274,310.392765,549.7997,69.250616,310.393954,529.8588,69.249295,310.394662,521.5875,69.249361,310.395202,516.5842,,,
175,69.246955,310.358706,363.5781,69.248739,310.395596,521.92,69.250113,310.389585,570.1655,69.252522,310.392919,548.8618,69.250349,310.394124,528.9975,69.248999,310.394846,525.3363,69.249065,310.395379,510.3202,,,
179,69.246606,310.358836,358.2671,69.248435,310.395791,518.0408,69.24984,310.389408,570.9001,69.252304,310.393073,544.7245,69.250081,310.394292,524.962,69.248703,310.39503,520.0941,69.248768,310.395556,511.1163,,,
183,69.246258,310.358967,353.6327,69.248131,310.395985,518.3771,69.249566,310.389232,566.7942,69.252087,310.393226,537.0111,69.249814,310.394459,523.2778,69.248408,310.395213,519.5644,69.248472,310.395732,515.0705,,,
187,69.24591,310.359098,351.3724,69.247827,310.396179,514.1662,69.249292,310.389055,565.7885,69.251869,310.39338,540.7812,69.249546,310.394629,522.1914,69.248113,310.395397,520.0478,69.248175,310.395908,511.8482,,,
191,69.245562,310.359229,349.5671,69.247523,310.396373,510.9765,69.249018,310.388877,567.9461,69.251652,310.393534,543.0486,69.249278,310.394797,515.5107,69.247818,310.395581,509.3868,69.247879,310.396084,501.5564,,,
195,69.245214,310.359361,349.5946,69.24722,310.396566,515.7,69.248744,310.3887,564.0352,69.251435,310.39369,541.1033,69.249011,310.394965,515.367,69.247522,310.395764,507.6592,69.247582,310.396261,500.4403,,,
199,69.244866,310.359493,348.9332,69.246916,310.396759,516.0323,69.24847,310.388523,561.0226,69.251218,310.393844,537.1341,69.248743,310.395133,518.1206,69.247227,310.395947,511.6549,69.247286,310.396436,505.6536,,,
203,69.244519,310.359626,348.2871,69.246613,310.396952,514.8016,69.248196,310.388346,564.8808,69.251001,310.394,532.9769,69.248475,310.395301,513.5634,69.246932,310.39613,505.9429,69.246989,310.396612,501.9049,,,
207,69.244171,310.359759,345.1292,69.246309,310.397145,513.7948,69.247922,310.388169,566.0383,69.250785,310.394157,532.6059,69.248207,310.395469,507.0336,69.246638,310.396314,502.0902,69.246693,310.396787,497.4673,,,
211,69.243824,310.359892,338.3381,69.246006,310.397337,512.1408,69.247647,310.387992,567.2013,69.250568,310.394314,526.7076,69.24794,310.395637,506.4845,69.246343,310.396497,499.9826,69.246397,310.396962,496.1219,,,
215,69.243478,310.360026,329.8134,69.245703,310.39753,513.8494,69.247373,310.387814,570.9256,69.250351,310.394469,523.733,69.247672,310.395805,508.3691,69.246048,310.39668,496.0544,69.2461,310.397138,493.979,,,
219,69.243131,310.36016,321.5708,69.2454,310.397722,515.8024,69.247099,310.387637,572.5309,69.250134,310.394624,528.2229,69.247404,310.395973,503.1313,69.245754,310.396862,496.6736,69.245803,310.397312,494.7742,,,
223,69.242785,310.360294,314.8559,69.245097,310.397914,512.8365,69.246824,310.38746,573.3566,69.249917,310.394778,527.1535,69.247136,310.396141,498.8886,69.245459,310.397045,499.6929,69.245507,310.397487,497.9131,,,
227,69.242439,310.360428,307.9266,69.244794,310.398105,512.7559,69.24655,310.387282,570.6173,69.2497,310.39493,522.0118,69.246868,310.396308,499.0806,69.245165,310.397227,498.5739,69.24521,310.397661,498.0293,,,
231,69.242094,310.360563,301.4675,69.244491,310.398296,513.8813,69.246275,310.387105,569.9772,69.249483,310.395079,519.7676,69.2466,310.396477,497.0125,69.244871,310.39741,495.0309,69.244914,310.397836,499.1514,,,
235,69.241749,310.360697,293.4467,69.244188,310.398487,515.5453,,,,69.249266,310.395227,516.3675,69.246332,310.396645,497.3615,69.244577,310.397592,496.5648,69.244618,310.398009,500.8089,,,
239,69.241404,310.360832,284.9114,69.243885,310.398678,518.505,,,,69.249048,310.395374,514.484,69.246063,310.396812,500.6532,69.244282,310.397774,499.396,69.244321,310.398183,498.3655,,,
243,69.241059,310.360966,277.4903,69.243582,310.398868,517.2599,,,,69.24883,310.395518,514.951,69.245796,310.396981,498.4859,69.243989,310.397956,501.4512,69.244025,310.398358,497.1817,,,
247,69.240715,310.361101,271.1428,69.24328,310.399059,514.709,,,,69.248612,310.395662,515.8607,69.245527,310.397148,496.6925,69.243695,310.398138,501.3861,69.243728,310.398532,501.7103,,,
251,69.240371,310.361235,266.02,69.242977,310.399249,516.5909,,,,69.248394,310.395804,516.7169,69.245258,310.397316,498.8425,69.243401,310.39832,496.4314,69.243432,310.398706,501.9324,,,
255,69.240028,310.361369,262.1952,69.242675,310.399439,521.3142,,,,69.248176,310.395943,516.1406,69.24499,310.397484,499.3491,69.243107,310.398502,498.6153,69.243136,310.39888,500.2264,,,
259,69.239685,310.361502,258.6962,69.242372,310.399629,520.0562,,,,69.247957,310.396083,511.4043,69.244721,310.397652,501.5303,69.242814,310.398683,503.9831,69.242839,310.399054,500.9146,,,
263,69.239342,310.361636,253.6941,69.24207,310.399818,518.1264,,,,69.247739,310.396222,509.8751,69.244453,310.397819,503.1886,69.24252,310.398865,503.0872,69.242543,310.399229,502.1794,,,
267,69.239,310.361769,249.4688,69.241768,310.400008,522.0999,,,,69.24752,310.396361,514.571,69.244184,310.397989,501.7106,69.242227,310.399047,503.0388,69.242247,310.399405,505.0521,,,
271,69.238658,310.361902,245.6361,69.241466,310.400197,521.3736,,,,69.247302,310.396499,511.2816,69.243915,310.398155,498.525,69.241934,310.399228,501.9589,69.24195,310.399582,499.6667,,,
275,69.238317,310.362035,242.8791,69.241163,310.400386,516.1746,,,,69.247083,310.396638,503.3353,69.243647,310.398323,499.0851,69.241347,310.39959,499.8759,69.241654,310.399757,499.7777,,,
279,69.237976,310.362168,240.8058,69.240861,310.400575,518.9767,,,,69.246865,310.396777,502.8428,69.243378,310.39849,503.1225,69.241054,310.399772,498.4323,69.241358,310.399934,506.3819,,,
283,69.237635,310.3623,238.4371,69.240559,310.400763,521.3145,,,,69.246646,310.396916,508.9735,69.243108,310.398659,501.7476,69.240761,310.399953,495.6776,69.241062,310.400112,500.8714,,,
287,69.237295,310.362431,235.5126,69.240257,310.400952,514.1867,,,,69.246428,310.397056,511.5576,69.24284,310.398826,500.254,69.240468,310.400135,498.0631,69.240767,310.400291,498.1173,,,
291,69.236956,310.362562,230.4196,69.239956,310.40114,507.4969,,,,69.246209,310.397195,505.1886,69.24257,310.398994,501.5968,69.240176,310.400315,500.4234,69.240471,310.40047,500.4215,,,
295,69.236616,310.362692,226.2353,69.239654,310.401328,508.3082,,,,69.24599,310.397333,498.7426,69.242301,310.399163,502.3676,69.239883,310.400497,490.9542,69.240175,310.400649,496.3759,,,
299,69.236277,310.362822,223.5427,69.239352,310.401515,506.5085,,,,69.245771,310.39747,501.8934,69.242032,310.39933,500.8609,69.23959,310.400678,491.227,69.239879,310.40083,495.5484,,,
303,69.235939,310.36295,219.655,69.23905,310.401703,502.9046,,,,69.245552,310.397605,505.7144,69.241762,310.399498,500.3177,69.239298,310.400859,496.4765,69.239584,310.401012,499.9148,,,
307,69.235601,310.363078,215.3617,69.238749,310.40189,505.1607,,,,69.245333,310.397739,504.9657,69.241493,310.399667,499.1114,69.239006,310.401041,494.9969,69.239288,310.401194,505.7084,,,
311,69.235263,310.363205,211.3874,69.238447,310.402077,507.2688,,,,69.245114,310.397872,502.6092,69.241223,310.399835,497.2871,69.238713,310.401222,491.4629,69.238993,310.401376,500.145,,,
315,69.234925,310.363331,206.7862,69.238146,310.402264,500.6275,,,,69.244895,310.398004,502.3634,69.240954,310.400004,499.5163,69.238421,310.401404,483.9433,69.238698,310.40156,490.998,,,
319,69.234588,310.363456,200.7785,69.237844,310.40245,498.5203,,,,69.244675,310.398136,504.766,69.240684,310.400171,501.309,69.238129,310.401585,482.6605,69.238402,310.401743,491.744,,,
323,69.234251,310.36358,193.7615,69.237543,310.402637,502.8961,,,,69.244456,310.398267,504.3326,69.240414,310.400341,500.0988,69.237837,310.401767,487.0085,69.238107,310.401928,496.3786,,,
327,69.233915,310.363704,184.0954,69.237242,310.402823,501.2498,,,,69.244236,310.398398,500.2867,69.240144,310.40051,493.7227,69.237545,310.401949,484.3226,69.237813,310.402114,492.4458,,,
331,69.233579,310.363826,173.1854,69.23694,310.40301,499.4095,,,,69.244017,310.398529,500.7219,69.239874,310.400678,488.7369,69.237254,310.402131,477.9189,69.237518,310.4023,486.9785,,,
335,69.233243,310.363947,160.5142,69.236639,310.403196,497.0154,,,,69.243797,310.39866,505.8318,69.239604,310.400848,493.2923,69.236961,310.402313,476.8893,69.237223,310.402486,486.4145,,,
339,69.232907,310.364068,148.8204,69.236338,310.403382,493.9483,,,,69.243578,310.398793,506.6412,69.239334,310.401018,496.551,69.23667,310.402495,481.2547,69.236928,310.402674,480.9312,,,
343,69.232572,310.364187,138.3594,69.236037,310.403568,494.6381,,,,69.243359,310.398924,505.6912,69.239064,310.401188,497.6687,69.236379,310.402677,481.1596,69.236339,310.403048,479.9159,,,
347,69.232237,310.364306,129.4797,69.235736,310.403754,490.9485,,,,69.243139,310.399057,504.629,69.238794,310.401359,492.5218,69.236087,310.40286,473.228,69.236045,310.403237,476.0109,,,
351,69.231903,310.364424,124.2728,69.235435,310.403939,487.8637,,,,69.24292,310.39919,502.211,69.238524,310.401529,492.6563,69.235796,310.403043,465.4502,69.235162,310.403803,462.2128,,,
355,69.231569,310.364541,120.1063,69.235134,310.404125,489.4027,,,,69.242701,310.399325,502.4303,69.238254,310.401699,497.7673,69.235505,310.403225,465.929,69.234867,310.403994,462.9676,,,
359,69.231235,310.364658,118.4496,69.234834,310.40431,485.7774,,,,69.242482,310.39946,503.3984,69.237983,310.401871,490.4182,69.235214,310.403408,470.7751,69.234573,310.404184,462.7554,,,
363,69.230902,310.364774,118.8368,69.234533,310.404496,473.5508,,,,69.242263,310.399596,502.1126,69.237713,310.402042,487.1523,69.234923,310.40359,470.9937,69.234279,310.404373,460.4684,,,
367,69.230569,310.364889,120.9093,69.234232,310.404681,468.7842,,,,69.242044,310.399732,504.5423,69.237442,310.402213,492.802,69.234632,310.403773,467.7671,69.233985,310.404565,456.9525,,,
371,69.230236,310.365003,124.4202,69.233931,310.404866,471.0787,,,,69.241825,310.399867,508.8459,69.237172,310.402386,493.5001,69.234341,310.403956,463.7097,69.233691,310.404756,452.0776,,,
375,69.229903,310.365116,128.9342,69.233631,310.405051,473.7124,,,,69.241606,310.400003,505.0673,69.236901,310.402557,492.5274,69.23405,310.404139,454.0892,69.233397,310.404947,437.505,,,
379,69.229571,310.365228,132.5839,69.23333,310.405237,472.3503,,,,69.241387,310.400137,499.597,69.23663,310.402729,488.4913,69.233759,310.404321,446.4508,69.233103,310.405139,429.7032,,,
383,69.229239,310.365339,135.6469,69.23303,310.405422,464.0244,,,,69.241168,310.40027,498.9843,69.236359,310.402901,479.8335,69.233469,310.404504,447.3787,69.232809,310.405331,425.8089,,,
387,69.228908,310.36545,138.2388,69.232729,310.405607,451.1834,,,,69.240948,310.400403,502.0348,69.236089,310.403073,476.0329,69.233178,310.404687,446.8233,69.232515,310.405523,423.1237,,,
391,69.228577,310.365559,140.4598,69.232429,310.405792,446.6222,,,,69.240729,310.400535,500.8174,69.235817,310.403245,479.0262,69.232887,310.40487,442.489,69.232221,310.405716,419.8673,,,
395,69.228246,310.365668,143.5642,69.232128,310.405978,447.4886,,,,69.24051,310.400668,502.439,69.235546,310.403418,481.7255,69.232597,310.405053,437.3371,69.231927,310.405909,413.2098,,,
399,69.227915,310.365775,146.9379,69.231828,310.406163,442.9931,,,,69.24029,310.400799,508.6919,69.235275,310.403591,477.7413,69.232307,310.405236,425.8082,69.231634,310.406101,404.296,,,
403,69.227585,310.365882,149.9912,69.231527,310.406348,435.0581,,,,69.24007,310.400932,508.6819,69.235003,310.403762,473.8123,69.232016,310.405419,412.2985,69.23134,310.406295,393.4924,,,
407,69.227255,310.365988,153.0586,69.231227,310.406533,426.1267,,,,69.239851,310.401065,503.5965,69.234732,310.403937,474.2303,69.231726,310.405604,406.5153,69.231046,310.406488,385.2785,,,
411,69.226925,310.366094,155.6886,69.230926,310.406718,412.9794,,,,69.239632,310.401199,499.9938,69.23446,310.40411,468.5677,69.231436,310.405787,403.7649,69.230753,310.406681,380.8516,,,
415,69.226596,310.366198,157.7872,69.230626,310.406903,401.3218,,,,69.239412,310.401335,504.593,69.234189,310.404284,461.3624,69.231146,310.405971,398.6368,69.230459,310.406874,372.1745,,,
419,69.226266,310.366302,159.7247,69.230325,310.407088,393.4606,,,,69.239193,310.401472,501.6352,69.233917,310.404457,462.6894,69.230856,310.406155,392.3335,69.230166,310.407067,361.1305,,,
423,69.225938,310.366405,161.424,69.230025,310.407273,390.5291,,,,69.238974,310.40161,498.9428,69.233645,310.404631,462.3189,69.230566,310.406339,380.8389,69.229872,310.40726,352.2477,,,
427,69.225609,310.366507,162.5146,69.229724,310.407457,384.1513,,,,69.238754,310.401747,504.0823,69.233374,310.404804,453.9191,69.230276,310.406524,368.9099,69.229579,310.407453,348.2288,,,
431,69.225281,310.366608,163.2794,69.229424,310.407642,376.6787,,,,69.238535,310.401885,502.6085,69.233101,310.404979,443.6706,69.229987,310.406708,361.6108,69.229285,310.407645,344.6994,,,
435,69.224953,310.366709,163.5409,69.229124,310.407827,369.917,,,,69.238315,310.402023,498.5352,69.232829,310.405152,443.0538,69.229697,310.406892,350.1447,69.228992,310.407839,338.4252,,,
439,69.224625,310.366809,163.5611,69.228823,310.408012,359.5135,,,,69.238095,310.40216,498.1424,69.232556,310.405326,443.5202,69.229407,310.407077,340.9676,69.228698,310.40803,332.3393,,,
443,69.224297,310.366909,163.2237,69.228523,310.408198,350.6578,,,,69.237875,310.402296,499.0236,69.232284,310.4055,439.3486,69.229118,310.407261,342.5901,69.228404,310.408222,332.7486,,,
447,69.22397,310.367008,162.1862,69.228222,310.408383,349.6399,,,,69.237655,310.402432,498.5329,69.232011,310.405675,434.1674,69.228828,310.407446,340.6173,69.22811,310.408414,330.7018,,,
451,69.223642,310.367107,162.9897,69.227922,310.408569,352.8885,,,,69.237435,310.402568,497.3056,69.231738,310.40585,426.1466,69.228539,310.40763,334.7402,69.227817,310.408607,324.5573,,,
455,69.223315,310.367206,164.2352,69.227622,310.408754,353.4288,,,,69.237214,310.402702,494.0957,69.231465,310.406024,413.5401,69.228249,310.407816,332.3515,69.227523,310.408799,329.7554,,,
459,69.222989,310.367304,166.6674,69.227321,310.40894,352.2161,,,,69.236993,310.402836,495.5487,69.231191,310.4062,402.5082,69.22796,310.408001,331.6616,69.227229,310.408992,335.2679,,,
463,69.222662,310.367402,169.2436,69.227021,310.409126,357.2036,,,,69.236772,310.40297,496.3909,69.230918,310.406373,397.5647,69.227671,310.408186,330.3733,69.226935,310.409184,336.5557,,,
467,69.222336,310.3675,171.8367,69.22672,310.409312,364.4292,,,,69.236551,310.403102,490.6618,69.230644,310.406548,389.9949,69.227382,310.408371,328.6269,69.226641,310.409376,334.2074,,,
471,69.22201,310.367597,174.0118,69.22642,310.409498,368.5059,,,,69.236329,310.403233,483.0683,69.23037,310.406722,378.0829,69.227092,310.408557,329.8309,69.226347,310.409569,334.4197,,,
475,69.221684,310.367695,175.1887,69.22612,310.409684,362.9377,,,,69.236107,310.403363,480.7327,69.230096,310.406897,371.1416,69.226804,310.408742,332.6892,69.226053,310.409762,336.1941,,,
479,69.221358,310.367791,177.1148,69.225819,310.40987,359.3715,,,,69.235885,310.403495,483.4271,69.229821,310.407073,367.6569,69.226514,310.408929,332.5362,69.225759,310.409954,337.3468,,,
483,69.221033,310.367888,177.0983,69.225519,310.410056,362.4112,,,,69.235663,310.403627,485.2252,69.229547,310.407247,360.2927,69.226225,310.409115,332.9069,69.225464,310.410146,338.6324,,,
487,69.220707,310.367984,176.4192,69.225218,310.410243,366.7917,,,,69.23544,310.40376,483.3778,69.229273,310.407423,349.5319,69.225937,310.409301,334.1011,69.22517,310.410339,340.2831,69.220151,310.413762,359.9073
491,69.220382,310.368081,175.975,69.224917,310.41043,366.0716,,,,69.235217,310.403894,480.7791,69.228998,310.407599,341.7356,69.225647,310.409488,335.9966,69.224876,310.410532,342.2337,69.219867,310.413939,358.7494
495,69.220057,310.368177,175.1097,69.224617,310.410617,365.8476,,,,69.234995,310.404029,481.82,69.228724,310.407774,337.8175,69.225359,310.409674,336.441,69.224581,310.410724,341.6758,69.219583,310.414116,356.0788
499,69.219732,310.368273,175.3316,69.224316,310.410804,366.5095,,,,69.234772,310.404164,483.0805,69.228449,310.407951,332.8421,69.22507,310.409862,337.265,69.224286,310.410916,339.8031,69.219298,310.414293,353.5634
503,69.219408,310.368369,176.7598,69.224016,310.410992,365.2608,,,,69.234549,310.4043,480.9049,69.228174,310.408125,329.4243,69.224781,310.410049,341.1619,69.223991,310.411109,339.795,69.219014,310.41447,356.5284
507,69.219083,310.368466,178.0135,69.223715,310.411179,365.6673,,,,69.234325,310.404436,473.2477,69.2279,310.408302,329.0872,69.224493,310.410236,342.92,69.223696,310.411301,343.3965,69.218729,310.414648,351.4831
511,69.218759,310.368562,180,69.223414,310.411367,369.8583,,,,69.234101,310.404571,467.3033,69.227625,310.408477,329.9215,69.224204,310.410423,341.8613,69.223401,310.411494,346.6616,69.21816,310.415002,352.7891
515,69.218435,310.368659,182.4962,69.223114,310.411555,373.7128,,,,69.233878,310.404707,464.7961,69.22735,310.408653,332.5727,69.223915,310.41061,341.706,69.223106,310.411687,349.906,69.217875,310.415179,348.923
519,69.218111,310.368755,185.4365,69.222813,310.411742,374.6622,,,,69.233653,310.404842,461.512,69.227075,310.408829,334.9747,69.223627,310.410797,342.3212,69.222811,310.411881,352.0248,69.21759,310.415356,346.2906
523,69.217787,310.368852,189.844,69.222512,310.41193,374.3494,,,,69.233429,310.404977,459.4454,69.226801,310.409006,338.1267,69.223338,310.410985,342.6335,69.222516,310.412074,350.1549,69.217305,310.415533,346.5391
527,69.217464,310.368949,194.2883,69.222211,310.412118,374.9195,,,,69.233205,310.405111,455.7018,69.226526,310.409181,338.8629,69.223049,310.411173,345.3071,69.22222,310.412268,347.3299,69.21702,310.41571,347.7273
531,69.21714,310.369046,199.521,69.22191,310.412307,375.2686,,,,69.23298,310.405245,450.9733,69.226251,310.409356,339.0263,69.222761,310.41136,347.0973,69.221925,310.412462,347.0582,69.216734,310.415888,347.5332
535,69.216817,310.369143,204.5752,69.221609,310.412495,375.225,,,,69.232755,310.40538,447.9772,69.225976,310.409533,341.4821,69.222472,310.411548,349.7773,69.221629,310.412656,350.0517,69.216449,310.416066,345.7337
539,69.216494,310.369241,209.7929,69.221308,310.412683,373.7387,,,,69.23253,310.405515,447.2707,69.225701,310.409708,344.0306,69.222184,310.411736,354.1663,69.221333,310.41285,351.2919,69.216164,310.416244,344.216
543,69.216171,310.369339,214.7184,69.221007,310.412872,373.546,,,,69.232305,310.405649,442.5424,69.225426,310.409883,344.1131,69.221895,310.411925,356.1465,69.221037,310.413044,350.0039,69.215879,310.416422,345.1986
547,69.215848,310.369437,218.9432,69.220706,310.413061,375.4484,,,,69.232079,310.405785,433.2181,69.22515,310.410059,341.4273,69.221607,310.412112,356.7152,69.220741,310.413239,350.2005,69.215594,310.416599,346.4359
551,69.215525,310.369536,220.7487,69.220405,310.41325,375.5915,,,,69.231854,310.40592,422.8098,69.224875,310.410236,338.2334,69.221318,310.412301,355.9542,69.220445,310.413434,350.0034,69.215308,310.416777,346.6205
555,69.215203,310.369635,222.0045,69.220103,310.41344,373.894,,,,69.231629,310.406056,414.9533,69.2246,310.410412,338.1278,69.22103,310.412489,355.7515,69.220148,310.413629,352.4146,69.215023,310.416955,349.1266
559,69.21488,310.369734,225.2936,69.219802,310.41363,371.7517,,,,69.231403,310.406191,409.0801,69.224325,310.410588,342.3026,69.220741,310.412678,354.8088,69.219852,310.413824,352.3458,69.214738,310.417132,350.5751
563,69.214558,310.369834,227.8286,69.219501,310.41382,371.2923,,,,69.231178,310.406327,405.104,69.22405,310.410765,347.1035,69.220453,310.412866,354.3733,69.219555,310.41402,349.9342,69.214452,310.41731,349.8362
567,69.214236,310.369935,231.8225,69.219199,310.41401,373.2751,,,,69.230952,310.406463,402.6683,69.223775,310.410942,346.8988,69.220165,310.413055,354.7085,69.218664,310.414609,345.2477,69.214167,310.417489,346.7993
571,69.213914,310.370036,234.9892,69.218897,310.414201,373.212,,,,69.230727,310.406599,400.2303,69.223499,310.411119,347.0845,69.219876,310.413244,352.1824,69.218365,310.414806,349.047,69.213882,310.417667,346.8052
575,69.213592,310.370138,236.6342,69.218596,310.414392,372.5158,,,,69.230502,310.406736,395.5168,69.223224,310.411296,348.7639,69.219587,310.413433,347.4033,69.218068,310.415003,345.9653,69.213596,310.417846,346.2891
579,69.21327,310.37024,237.1817,69.218294,310.414583,371.7424,,,,69.230276,310.406873,387.2677,69.222949,310.411474,349.9556,69.219299,310.413621,346.3142,69.21777,310.4152,341.6059,69.213311,310.418024,342.0796
583,69.212948,310.370343,238.2396,69.217992,310.414774,370.9117,,,,69.230051,310.407011,382.9041,69.222674,310.411651,351.8823,69.21901,310.41381,345.0966,69.217471,310.415397,340.5886,69.213025,310.418203,339.7365
587,69.212627,310.370447,239.1334,69.217689,310.414966,370.5645,,,,69.229825,310.407147,378.8325,69.222398,310.411827,354.5321,69.218721,310.413999,344.7273,69.217173,310.415594,341.1312,69.21274,310.418382,339.3712
591,69.212306,310.370551,238.5767,69.217387,310.415158,371.6666,,,,69.2296,310.407283,370.2321,69.222123,310.412004,354.2418,69.218144,310.414377,345.9052,69.216874,310.415792,339.508,69.212454,310.41856,338.6687
595,69.211984,310.370656,238.8633,69.217084,310.41535,370.773,,,,69.229374,310.40742,360.8418,69.221848,310.412182,354.6877,69.217855,310.414566,347.2533,69.216575,310.41599,338.3136,69.212169,310.418739,336.9594
599,69.211663,310.370762,238.3704,69.216782,310.415543,368.2221,,,,69.229148,310.407556,350.7957,69.221572,310.412357,355.7694,69.217567,310.414754,347.2652,69.216276,310.416188,341.4492,69.211883,310.418917,334.3699
603,69.211343,310.370868,235.0893,69.216479,310.415736,366.4234,,,,69.228922,310.407691,347.351,69.221296,310.412532,355.2652,69.217278,310.414943,346.3334,69.215976,310.416386,341.4303,69.211598,310.419095,332.2267
607,69.211022,310.370975,233.9984,69.216176,310.415929,366.7839,,,,69.228696,310.407826,346.1873,69.22102,310.412708,355.182,69.216989,310.415131,342.9277,69.215677,310.416585,337.5144,69.211312,310.419272,331.1344
611,69.210701,310.371082,236.3773,69.215873,310.416122,369.6589,,,,69.22847,310.40796,341.9898,69.220744,310.412884,356.9401,69.2167,310.41532,339.7696,69.215378,310.416784,335.3099,69.211026,310.41945,329.8528
615,69.210381,310.37119,237.5309,69.215569,310.416315,367.6795,,,,69.228243,310.408093,338.4223,69.220469,310.413059,358.4536,69.216411,310.415508,342.3023,69.215078,310.416983,335.6775,69.210741,310.419627,328.0755
619,69.210061,310.371299,241.0355,69.215266,310.416509,364.3755,,,,69.228017,310.408226,336.31,69.220193,310.413235,359.315,69.216122,310.415696,343.4865,69.214778,310.417181,337.8967,69.210455,310.419804,326.2326
623,69.209741,310.371409,241.5749,69.214962,310.416703,365.7737,,,,69.22779,310.408358,335.842,69.219917,310.41341,360.1538,69.215834,310.415884,342.6586,69.214478,310.41738,338.3536,69.210169,310.41998,325.5168
627,69.209422,310.371519,241.7437,69.214658,310.416897,368.6068,,,,69.227563,310.408492,338.0988,69.219641,310.413586,362.3905,69.215544,310.416072,339.1507,69.214178,310.41758,337.3278,69.209883,310.420156,324.6406
631,69.209102,310.371631,241.9044,69.214354,310.417092,369.1559,,,,69.227335,310.408627,339.735,69.219365,310.41376,363.2701,69.215255,310.41626,333.9464,69.213877,310.417778,337.3421,69.209597,310.420332,324.0014
635,69.208783,310.371743,241.0491,69.21405,310.417287,368.3416,,,,69.227108,310.408764,338.0588,69.219089,310.413935,358.8736,69.214966,310.416447,337.4472,69.213577,310.417979,336.9195,69.209311,310.420507,324.7662
639,69.208464,310.371856,239.4131,69.213745,310.417482,367.0029,,,,69.226881,310.408902,338.947,69.21826,310.414457,349.2968,69.214677,310.416635,342.1232,69.213276,310.418177,335.3427,69.209025,310.420683,324.5002
643,69.208145,310.371969,237.0388,69.213441,310.417678,366.34,,,,69.226654,310.409041,342.6537,69.217984,310.414632,346.4497,69.214388,310.416823,340.3188,69.212976,310.418376,331.5021,69.208739,310.420859,323.1229
647,69.207826,310.372083,237.7433,69.213136,310.417873,367.5845,,,,69.226427,310.409179,346.3685,69.217707,310.414805,346.3597,69.214099,310.41701,339.0435,69.212675,310.418574,330.5533,69.208453,310.421034,322.4187
651,69.207508,310.372198,239.3243,69.212831,310.418069,365.0983,,,,69.226199,310.409318,348.6262,69.217432,310.414979,347.5925,69.213809,310.417198,338.0648,69.212373,310.418773,330.6995,69.208167,310.42121,321.8635
655,69.20719,310.372313,242.1716,69.212525,310.418265,361.3942,,,,69.225971,310.409456,350.9229,69.217155,310.415151,345.4476,69.21352,310.417385,334.7474,69.212072,310.41897,326.5237,69.207881,310.421385,321.5202
659,69.206872,310.372429,244.5571,69.21222,310.41846,361.1535,,,,69.225742,310.409592,352.5081,69.216878,310.415326,341.7459,69.213231,310.417571,331.9033,69.21177,310.419169,321.1394,69.207595,310.421561,319.9632
663,69.206554,310.372545,244.9009,69.211914,310.418656,361.522,,,,69.225514,310.409728,350.6059,69.216602,310.415498,340.7141,69.212941,310.417759,332.6251,69.211469,310.419365,320.5238,69.207309,310.421736,316.068
667,69.206236,310.372661,247.042,69.211608,310.418852,358.2586,,,,69.225286,310.409863,346.0182,69.216325,310.415671,342.5598,69.212652,310.417945,330.4282,69.211167,310.419562,319.0231,69.207023,310.421912,313.1333
671,69.205919,310.372779,249.7252,69.211302,310.419048,356.7181,,,,69.225057,310.409997,344.8369,69.216048,310.415844,343.0268,69.212362,310.418131,327.3448,69.210865,310.419758,318.4444,69.206737,310.422086,311.9942
674,69.205602,310.372896,248.0186,69.210995,310.419245,355.0105,,,,69.224828,310.41013,345.6364,69.215772,310.416017,341.5304,69.212073,310.418318,326.2808,69.210562,310.419952,318.8008,69.20645,310.422262,310.1969
678,69.205285,310.373014,244.8573,69.210689,310.419441,353.0782,,,,69.224599,310.410263,344.5137,69.215495,310.416192,339.9759,69.211783,310.418504,325.5575,69.21026,310.420147,317.6958,69.206164,310.422438,307.1242
682,69.204968,310.373133,241.0106,69.210382,310.419638,352.0652,,,,69.22437,310.410396,345.3335,69.215219,310.416367,340.1957,69.211493,310.41869,324.3814,69.209957,310.42034,315.3673,69.205878,310.422613,304.3776
686,69.204652,310.373251,236.6877,69.210075,310.419835,350.2755,,,,69.22414,310.410529,347.8718,69.214942,310.416541,339.911,69.211204,310.418875,324.4858,69.209654,310.420533,313.2905,69.205592,310.422789,301.9446
690,69.204336,310.373371,236.4651,69.209768,310.420032,349.3032,,,,69.223911,310.410662,350.8158,69.214666,310.416717,340.2913,69.210914,310.419059,324.5192,69.209351,310.420725,312.922,69.205306,310.422964,298.5156
694,69.20402,310.37349,237.0412,69.20946,310.420229,347.076,,,,69.223681,310.410796,353.5313,69.214389,310.416891,341.161,69.210624,310.419244,322.9747,69.209047,310.420915,312.3573,69.20502,310.423138,295.7895
698,69.203704,310.37361,235.2662,69.209153,310.420427,345.2647,,,,69.223452,310.41093,354.1632,69.214112,310.417066,340.0545,69.210334,310.419429,321.532,69.208744,310.421106,310.1685,69.204733,310.423312,293.8009
702,69.203389,310.373731,234.8115,69.208845,310.420625,345.9248,,,,69.223222,310.411064,352.9837,69.213835,310.417241,338.1669,69.210044,310.419613,319.1559,69.20844,310.421295,309.4536,69.204447,310.423487,290.0656
706,69.203073,310.373852,233.4185,69.208537,310.420822,346.1118,,,,69.222993,310.411197,354.2162,69.213559,310.417416,336.0239,69.209754,310.419797,316.66,69.208136,310.421484,310.3052,69.204161,310.423661,287.6296
710,69.202759,310.373973,232.7772,69.208229,310.42102,345.9049,,,,69.222764,310.411329,357.0495,69.213282,310.417591,334.5084,69.209464,310.41998,315.5178,69.207832,310.421672,310.1306,69.203874,310.423835,286.9871
714,69.202444,310.374094,233.1152,69.207921,310.421219,345.2563,,,,69.222534,310.411461,357.7848,69.213005,310.417766,333.9223,69.209173,310.420164,316.0645,69.207528,310.421858,304.5319,69.203588,310.424009,286.9729
718,69.20213,310.374216,232.216,69.207612,310.421417,344.1733,,,,69.222305,310.411593,357.7982,69.212729,310.417941,334.2814,69.208883,310.420346,316.6552,69.207224,310.422046,301.4134,69.203302,310.424184,287.031
722,69.201816,310.374338,230.1373,69.207303,310.421616,343.6961,,,,69.222075,310.411724,357.5823,69.212451,310.418116,334.8882,69.208593,310.420529,314.4811,69.20692,310.422232,302.3195,69.203016,310.424358,287.6014
726,69.201503,310.374459,228.695,69.206995,310.421814,342.794,,,,69.221846,310.411856,358.708,69.212175,310.41829,333.1755,69.208302,310.420711,311.018,69.206616,310.422418,299.5813,69.202729,310.424533,286.9431
730,69.20119,310.374581,226.2479,69.206686,310.422013,339.6209,,,,69.221616,310.411986,359.0823,69.211898,310.418464,328.9416,69.208012,310.420893,310.1838,69.206312,310.422604,291.4166,69.202443,310.424708,284.578
734,69.200877,310.374702,224.0651,69.206376,310.422212,335.463,,,,69.221387,310.412115,358.3461,69.211621,310.418639,328.4478,69.207721,310.421074,309.9656,69.206007,310.42279,284.6836,69.202157,310.424883,286.1317
738,69.200565,310.374823,222.845,69.206067,310.422411,330.7352,,,,69.221158,310.412243,358.0144,69.211344,310.418813,329.7981,69.207431,310.421256,308.7962,69.205703,310.422975,284.979,69.201871,310.425058,291.2336
742,69.200253,310.374944,222.1265,69.205757,310.42261,327.4952,,,,69.220928,310.412369,356.5466,69.211067,310.418987,329.836,69.20714,310.421437,307.5811,69.205398,310.423161,285.8853,69.201584,310.425232,295.6981
746,69.199942,310.375064,222.3336,69.205447,310.422809,324.9398,,,,69.220699,310.412493,359.1059,69.21079,310.419161,327.8647,69.206849,310.421618,305.7913,69.205094,310.423347,281.9559,69.201298,310.425406,300.7606
750,69.199631,310.375183,221.4292,69.205137,310.423008,322.4978,,,,69.22047,310.412616,359.6303,69.210513,310.419335,325.553,69.206558,310.421799,302.2123,69.20479,310.423533,278.0622,69.201012,310.42558,305.5815
754,69.19932,310.375302,220.2703,69.204827,310.423207,320.1244,,,,69.220241,310.412738,359.7054,69.210236,310.419507,325.7915,69.206267,310.42198,298.4388,69.204485,310.423718,276.1169,69.200726,310.425755,309.2707
758,69.19901,310.375421,217.7455,69.204517,310.423406,318.252,,,,69.220012,310.412858,361.6577,69.209958,310.41968,324.6814,69.205976,310.42216,294.969,69.20418,310.423904,273.5788,69.20044,310.425929,312.3325
762,69.1987,310.375539,215.0248,69.204206,310.423605,314.9026,,,,69.219783,310.412977,360.9354,69.209681,310.419852,323.4208,69.205685,310.42234,289.121,69.203876,310.42409,271.6112,69.200153,310.426103,316.3519
766,69.19839,310.375657,213.3556,69.203896,310.423804,312.262,,,,69.219554,310.413096,357.9465,69.209404,310.420024,323.5975,69.205394,310.42252,281.2439,69.203571,310.424276,270.3749,69.199867,310.426277,319.6489
770,69.198081,310.375774,211.2959,69.203585,310.424003,313.2792,,,,69.219325,310.413216,355.5004,69.209126,310.420196,321.7207,69.205103,310.4227,277.5354,69.203267,310.424462,268.5178,69.199581,310.426452,321.1149
,,,,69.203274,310.424202,312.6559,,,,69.218641,310.413573,351.1123,69.208849,310.420366,318.9804,69.204811,310.42288,276.9771,69.202962,310.424647,268.0294,69.199295,310.426626,320.9963
,,,,69.202962,310.424401,311.1968,,,,69.218414,310.413694,351.4743,69.208572,310.420537,317.9299,69.20452,310.42306,273.8511,69.202657,310.424832,269.7608,69.199009,310.4268,322.9061
,,,,69.202651,310.4246,310.2768,,,,69.218187,310.413813,351.5279,69.208294,310.420707,317.6932,69.204229,310.423239,272.1355,69.202352,310.425017,269.4514,69.198723,310.426974,323.1856
,,,,69.202339,310.424799,312.9797,,,,69.21796,310.413933,348.8558,69.208017,310.420877,315.6644,69.203937,310.423417,270.751,69.202047,310.425202,269.5212,69.198437,310.427149,321.9103
,,,,69.202027,310.424999,315.4491,,,,69.217733,310.414054,346.2286,69.207739,310.421047,313.485,69.203645,310.423597,266.6882,69.201742,310.425386,272.7557,69.19815,310.427322,326.3202
,,,,69.201715,310.425198,317.4664,,,,69.217507,310.414174,345.7027,69.207461,310.421215,313.7672,69.203353,310.423776,264.6858,69.201437,310.425571,281.3768,,,
,,,,69.201403,310.425397,322.1237,,,,69.21728,310.414294,345.9132,69.207184,310.421386,313.8204,69.203062,310.423955,266.7377,69.201132,310.425754,287.0454,,,
,,,,69.201091,310.425596,327.2161,,,,69.217054,310.414412,343.3779,69.206906,310.421556,311.6755,69.20277,310.424134,270.3259,69.200827,310.425938,290.7366,,,
,,,,69.200778,310.425795,331.6478,,,,69.216828,310.414529,341.9065,69.206628,310.421725,308.2767,69.202478,310.424313,274.2183,69.200521,310.426121,298.0454,,,
,,,,69.200465,310.425994,335.9914,,,,69.216601,310.414644,343.7974,69.206349,310.421894,301.9535,69.202186,310.424493,276.295,69.200216,310.426304,303.2005,,,
,,,,69.200152,310.426193,342.1276,,,,69.216375,310.414758,345.577,69.206071,310.422061,296.6707,69.201894,310.424672,275.8405,69.199911,310.426486,307.0171,,,
,,,,69.199839,310.426392,347.6805,,,,69.216149,310.414871,345.9283,69.205793,310.42223,294.5639,69.201602,310.424851,276.4773,69.199605,310.426668,312.2666,,,
,,,,69.199526,310.426591,349.9773,,,,69.215924,310.414984,345.0071,69.205515,310.422397,291.4588,69.201309,310.42503,281.689,69.1993,310.426849,313.8725,,,
,,,,69.199213,310.42679,350.3277,,,,69.215698,310.415098,343.9449,69.205237,310.422565,287.3421,69.201017,310.425209,288.0372,69.198994,310.427031,310.6654,,,
,,,,69.198899,310.426989,352.3009,,,,69.215472,310.415211,343.9345,69.204958,310.422732,281.7409,69.200725,310.425388,293.0989,69.198688,310.427212,312.5292,,,
,,,,69.198586,310.427188,354.3858,,,,69.215247,310.415326,345.1097,69.204679,310.4229,278.3619,69.200432,310.425567,298.7364,69.198383,310.427392,316.6396,,,
,,,,69.198272,310.427387,354.6933,,,,69.215022,310.415441,348.6499,69.204401,310.423066,276.3837,69.20014,310.425746,304.3469,69.198077,310.427572,306.1051,,,
,,,,,,,,,,69.214798,310.415557,350.3582,69.204122,310.423231,274.7817,69.199847,310.425926,307.1028,,,,,,
,,,,,,,,,,69.214573,310.415673,348.6933,69.203843,310.423399,276.1133,69.199554,310.426105,308.4159,,,,,,
,,,,,,,,,,69.214349,310.415789,346.4155,69.203564,310.423566,278.0005,69.199262,310.426284,310.7056,,,,,,
,,,,,,,,,,69.214125,310.415904,342.734,69.203286,310.423732,278.0621,69.198969,310.426464,311.7789,,,,,,
,,,,,,,,,,69.213901,310.41602,340.2575,69.203006,310.423898,279.1263,69.198676,310.426644,310.0755,,,,,,
,,,,,,,,,,69.213678,310.416135,339.3255,69.202728,310.424064,280.1691,69.198382,310.426823,310.5332,,,,,,
,,,,,,,,,,69.213454,310.416251,340.5941,69.202448,310.42423,282.5081,69.19809,310.427002,310.2465,,,,,,
,,,,,,,,,,69.213231,310.416367,342.4734,69.202169,310.424396,285.5093,,,,,,,,,
,,,,,,,,,,69.213009,310.416483,342.1588,69.20189,310.424562,286.6256,,,,,,,,,
,,,,,,,,,,69.212786,310.416601,339.0299,69.201611,310.424726,288.2122,,,,,,,,,
,,,,,,,,,,69.212564,310.416719,335.5634,69.201332,310.424892,289.3747,,,,,,,,,
,,,,,,,,,,69.212343,310.416839,335.6337,69.201052,310.425056,291.2904,,,,,,,,,
,,,,,,,,,,69.212122,310.416961,336.5016,69.200773,310.42522,294.2113,,,,,,,,,
,,,,,,,,,,69.2119,310.417084,336.6989,69.200493,310.425384,301.5172,,,,,,,,,
,,,,,,,,,,69.21168,310.417208,335.715,69.200214,310.425546,308.3778,,,,,,,,,
,,,,,,,,,,69.211459,310.417331,334.2905,69.199934,310.42571,309.7154,,,,,,,,,
,,,,,,,,,,69.211238,310.417455,333.5759,69.199655,310.425874,311.3553,,,,,,,,,
,,,,,,,,,,69.211018,310.417579,332.4086,69.199375,310.426037,311.5689,,,,,,,,,
,,,,,,,,,,69.210798,310.417704,331.6872,69.199096,310.4262,311.7643,,,,,,,,,
,,,,,,,,,,69.210578,310.417829,330.9114,69.198816,310.426364,309.9077,,,,,,,,,
,,,,,,,,,,69.210359,310.417957,329.1542,69.198536,310.426527,307.555,,,,,,,,,
,,,,,,,,,,69.21014,310.418086,326.574,69.198257,310.426692,308.208,,,,,,,,,
,,,,,,,,,,69.209921,310.418218,325.2867,,,,,,,,,,,,
,,,,,,,,,,69.209702,310.41835,324.816,,,,,,,,,,,,
,,,,,,,,,,69.209484,310.418486,324.4758,,,,,,,,,,,,
,,,,,,,,,,69.209266,310.418624,324.9915,,,,,,,,,,,,
,,,,,,,,,,69.209049,310.418764,325.3686,,,,,,,,,,,,
,,,,,,,,,,69.208832,310.418906,326.3245,,,,,,,,,,,,
,,,,,,,,,,69.208615,310.41905,326.5401,,,,,,,,,,,,
,,,,,,,,,,69.208399,310.419194,324.2204,,,,,,,,,,,,
,,,,,,,,,,69.208183,310.419339,320.38,,,,,,,,,,,,
,,,,,,,,,,69.207967,310.419486,318.663,,,,,,,,,,,,
,,,,,,,,,,69.207752,310.419635,319.1807,,,,,,,,,,,,
,,,,,,,,,,69.207536,310.419784,318.8428,,,,,,,,,,,,
,,,,,,,,,,69.207321,310.419934,316.5182,,,,,,,,,,,,
,,,,,,,,,,69.207106,310.420085,312.072,,,,,,,,,,,,
,,,,,,,,,,69.20689,310.420235,307.2744,,,,,,,,,,,,
,,,,,,,,,,69.206675,310.420388,305.9799,,,,,,,,,,,,
,,,,,,,,,,69.206459,310.42054,304.7625,,,,,,,,,,,,
,,,,,,,,,,69.206243,310.420692,299.0465,,,,,,,,,,,,
,,,,,,,,,,69.206027,310.420847,293.6168,,,,,,,,,,,,
,,,,,,,,,,69.205811,310.421003,291.2299,,,,,,,,,,,,
,,,,,,,,,,69.205595,310.421161,288.0574,,,,,,,,,,,,
,,,,,,,,,,69.20538,310.421321,284.1651,,,,,,,,,,,,
,,,,,,,,,,69.205163,310.421483,281.8641,,,,,,,,,,,,
,,,,,,,,,,69.204948,310.421646,281.5704,,,,,,,,,,,,
,,,,,,,,,,69.204731,310.421812,280.347,,,,,,,,,,,,
,,,,,,,,,,69.204515,310.421978,278.5839,,,,,,,,,,,,
,,,,,,,,,,69.204299,310.422146,277.9559,,,,,,,,,,,,
,,,,,,,,,,69.204083,310.422314,277.2364,,,,,,,,,,,,
,,,,,,,,,,69.203867,310.422485,276.0419,,,,,,,,,,,,
,,,,,,,,,,69.20365,310.422655,272.9525,,,,,,,,,,,,
,,,,,,,,,,69.203434,310.422826,275.1922,,,,,,,,,,,,
,,,,,,,,,,69.203217,310.422997,281.4139,,,,,,,,,,,,
,,,,,,,,,,69.203,310.423169,284.7798,,,,,,,,,,,,
,,,,,,,,,,69.202783,310.423342,281.735,,,,,,,,,,,,
,,,,,,,,,,69.202566,310.423514,278.424,,,,,,,,,,,,
,,,,,,,,,,69.202348,310.423687,283.4201,,,,,,,,,,,,
,,,,,,,,,,69.202131,310.42386,288.8133,,,,,,,,,,,,
,,,,,,,,,,69.201913,310.424034,287.2278,,,,,,,,,,,,
,,,,,,,,,,69.201696,310.424207,287.3414,,,,,,,,,,,,
,,,,,,,,,,69.201478,310.42438,293.0831,,,,,,,,,,,,
,,,,,,,,,,69.20126,310.424554,295.7709,,,,,,,,,,,,
,,,,,,,,,,69.201042,310.424728,297.4966,,,,,,,,,,,,
,,,,,,,,,,69.200606,310.425079,303.437,,,,,,,,,,,,
,,,,,,,,,,69.200388,310.425255,309.8671,,,,,,,,,,,,
,,,,,,,,,,69.200169,310.425431,316.5444,,,,,,,,,,,,
,,,,,,,,,,69.199951,310.425606,317.0249,,,,,,,,,,,,
,,,,,,,,,,69.199732,310.425781,317.1258,,,,,,,,,,,,
,,,,,,,,,,69.199513,310.425957,316.8603,,,,,,,,,,,,
,,,,,,,,,,69.199294,310.426131,315.2105,,,,,,,,,,,,
,,,,,,,,,,69.199074,310.426305,318.3516,,,,,,,,,,,,
,,,,,,,,,,69.198855,310.42648,321.7748,,,,,,,,,,,,
,,,,,,,,,,69.198635,310.426653,317.3212,,,,,,,,,,,,
